Data i czas,CO2,Temperatura,WilgotnoÅÄ,PM1.0,PM2.5,PM10,Promieniowanie,Dawka/h
2025-05-15T17:41:09,998,26,36,22,31,36,30,0
2025-05-15T17:41:20,-1,-1,-1,21,31,-1,-1,-1
2025-05-15T17:41:21,1011,26,36,-1,-1,-1,12,0
2025-05-15T17:43:56,970,26,36,22,30,45,12,0
2025-05-15T17:44:07,970,26,36,21,28,39,0,0
2025-05-15T17:44:18,970,26,36,21,28,39,0,0
2025-05-15T17:44:19,970,26,36,21,28,39,0,0
2025-05-15T17:44:24,974,26,36,19,28,31,24,0
2025-05-15T17:44:36,978,26,36,19,26,29,36,0
2025-05-15T17:44:53,980,26,36,20,30,45,6,0
2025-05-15T17:48:39,970,26,36,19,25,28,12,0
2025-05-15T17:48:45,1003,26,36,19,24,27,6,0
2025-05-15T17:48:56,1000,26,36,17,22,26,0,0
2025-05-15T17:49:08,1005,26,36,16,22,29,0,0
2025-05-15T17:49:19,1005,26,36,18,27,32,6,0
2025-05-15T17:49:25,1003,26,36,20,30,33,18,0
2025-05-15T17:51:27,987,26,36,18,24,31,24,0
2025-05-15T17:51:39,1011,26,36,18,25,28,24,0
2025-05-15T17:55:01,998,26,36,18,25,30,24,0
2025-05-15T17:55:12,998,26,36,18,25,30,24,0
2025-05-15T17:55:13,998,26,36,18,25,30,24,0
2025-05-15T17:55:29,998,26,36,18,25,30,24,0
2025-05-15T17:55:30,998,26,36,18,25,30,24,0
2025-05-15T17:55:41,998,26,36,14,20,28,12,0
2025-05-15T17:55:52,998,26,36,16,23,23,12,0
2025-05-15T17:55:58,998,26,36,17,24,24,18,0
2025-05-15T17:56:09,998,26,36,17,24,24,18,0
2025-05-15T17:56:10,998,26,36,17,24,24,18,0
2025-05-15T17:56:15,1003,26,36,14,22,34,12,0
2025-05-15T17:56:27,1002,26,36,16,24,37,6,0
2025-05-15T17:56:32,1002,26,36,16,24,37,6,0
2025-05-15T17:56:33,1002,26,36,16,24,37,6,0
2025-05-15T17:56:44,1003,26,36,16,27,31,18,0
2025-05-15T17:56:50,1003,26,36,16,28,34,18,0
2025-05-15T17:57:01,1001,26,36,15,24,27,12,0
2025-05-15T17:57:13,1000,26,36,17,24,27,12,0
2025-05-15T17:57:24,1000,26,36,15,23,26,6,0
2025-05-15T17:57:30,1001,26,36,15,23,24,12,0
2025-05-15T17:57:41,1004,26,36,15,23,26,30,0
2025-05-15T17:57:53,1003,26,36,15,22,25,6,0
2025-05-15T17:58:04,1002,26,36,16,22,24,30,0
2025-05-15T17:58:10,1001,26,36,15,21,23,12,0
2025-05-15T17:58:32,1001,26,36,15,21,23,12,0
2025-05-15T17:58:33,1001,26,36,15,21,23,12,0
2025-05-15T17:58:44,1004,26,36,14,22,26,6,0
2025-05-15T17:58:50,1005,26,36,16,23,26,30,0
2025-05-15T17:59:01,1006,26,36,16,25,27,24,0
2025-05-15T17:59:07,1006,26,36,15,21,27,18,0
2025-05-15T17:59:18,1003,26,36,16,24,31,0,0
2025-05-15T17:59:19,1003,26,36,16,24,31,0,0
2025-05-15T17:59:30,1003,26,36,16,25,33,6,0
2025-05-15T17:59:36,1003,26,36,16,25,32,18,0
2025-05-15T17:59:47,1004,26,36,15,22,30,36,0
2025-05-15T17:59:58,1004,26,36,15,22,30,36,0
2025-05-15T17:59:59,1004,26,36,15,22,30,36,0
2025-05-15T18:00:10,1002,26,36,15,21,26,24,0
2025-05-15T18:00:33,1001,26,36,15,20,23,18,0
2025-05-15T18:00:44,1001,26,36,16,24,34,24,0
2025-05-15T18:01:12,1000,26,36,15,20,21,0,0
2025-05-15T18:01:18,999,26,36,15,21,22,6,0
2025-05-15T18:01:29,999,26,36,15,21,22,6,0
2025-05-15T18:01:30,999,26,36,15,21,22,6,0
2025-05-15T18:01:41,1001,26,36,13,23,28,24,0
2025-05-15T18:01:47,1000,26,36,13,24,37,12,0
2025-05-15T18:01:58,1002,26,36,13,20,27,12,0
2025-05-15T18:02:10,1002,26,36,13,17,19,18,0
2025-05-15T18:02:15,1001,26,36,14,18,19,24,0
2025-05-15T18:02:27,1002,26,36,13,18,18,24,0
2025-05-15T18:02:44,1000,26,36,15,20,28,18,0
2025-05-15T18:02:55,999,26,36,13,19,22,6,0
2025-05-15T18:03:07,997,26,36,11,16,16,6,0
2025-05-15T18:03:29,995,26,36,13,19,23,12,0
2025-05-15T18:03:30,995,26,36,13,19,23,12,0
2025-05-15T18:03:35,995,26,36,14,20,23,18,0
2025-05-15T18:03:47,994,26,36,13,17,20,6,0
2025-05-15T18:03:58,993,26,36,12,15,17,36,0
2025-05-15T18:04:26,983,26,35,10,13,24,12,0
2025-05-15T18:04:38,978,26,35,11,13,20,0,0
2025-05-15T18:04:55,960,25,35,14,17,22,6,0
2025-05-15T18:05:06,950,25,35,10,15,24,30,0
2025-05-15T18:05:12,950,25,35,9,13,30,0,0
2025-05-15T18:05:23,950,25,35,9,13,30,0,0
2025-05-15T18:05:24,950,25,35,9,13,30,0,0
2025-05-15T18:05:46,937,25,35,9,13,13,42,0
2025-05-15T18:06:03,924,25,35,10,14,20,18,0
2025-05-15T18:06:26,916,25,35,6,10,10,30,0
2025-05-15T18:07:00,916,25,35,6,10,10,30,0
2025-05-15T18:07:06,908,25,35,7,11,11,6,0
2025-05-15T18:07:17,906,25,35,8,12,15,18,0
2025-05-15T18:07:28,906,25,35,8,12,15,18,0
2025-05-15T18:07:29,906,25,35,8,12,15,18,0
2025-05-15T18:07:40,906,25,36,9,11,11,2714,432
2025-05-15T18:07:46,905,25,35,9,12,13,17312,521
2025-05-15T18:07:57,904,25,35,11,16,17,42,0
2025-05-15T18:08:09,903,25,35,10,15,17,42,0
2025-05-15T18:08:20,906,25,35,11,16,16,22052,554
2025-05-15T18:08:43,906,25,36,11,15,15,18,0
2025-05-15T18:08:48,906,25,36,11,15,15,18,0
2025-05-15T18:08:49,906,25,36,11,15,15,18,0
2025-05-15T18:09:00,907,25,36,9,14,16,6,0
2025-05-15T18:09:11,909,25,36,9,15,17,6,0
2025-05-15T18:09:23,910,25,36,10,16,17,12,0
2025-05-15T18:09:28,910,25,36,10,16,17,12,0
2025-05-15T18:09:29,910,25,36,10,16,17,12,0
2025-05-15T18:09:40,911,25,35,10,17,18,6,0
2025-05-15T18:09:51,915,25,36,11,18,18,18,0
2025-05-15T18:10:03,917,25,36,11,17,18,18,0
2025-05-15T18:10:09,918,25,36,11,15,18,12,0
2025-05-15T18:10:20,919,25,36,10,15,18,30,0
2025-05-15T18:10:31,924,25,36,10,13,14,0,-1
2025-05-15T18:10:32,924,25,36,10,13,14,0,-1
2025-05-15T18:10:43,925,25,36,10,14,14,18,0
2025-05-15T18:10:49,926,25,36,9,13,13,18,0
2025-05-15T18:11:00,929,25,36,9,15,17,54,0
2025-05-15T18:11:11,929,25,36,9,15,17,54,0
2025-05-15T18:11:12,929,25,36,9,15,17,54,0
2025-05-15T18:11:23,930,25,36,9,15,19,36,0
2025-05-15T18:11:46,922,25,35,9,14,16,18,0
2025-05-15T18:11:51,920,25,35,8,13,14,36,0
2025-05-15T18:12:03,918,25,35,9,14,14,12,0
2025-05-15T18:12:14,910,25,35,8,12,13,6,0
2025-05-15T18:12:26,905,25,35,6,10,11,30,0
2025-05-15T18:12:31,902,25,35,7,11,13,30,-1
2025-05-15T18:12:32,902,25,35,7,11,13,30,-1
2025-05-15T18:12:43,896,25,35,6,11,12,12,0
2025-05-15T18:12:54,892,25,34,6,9,11,24,0
2025-05-15T18:13:06,887,25,34,6,10,12,24,0
2025-05-15T18:13:11,887,25,34,6,10,12,24,0
2025-05-15T18:13:12,887,25,34,6,10,12,24,0
2025-05-15T18:13:23,878,25,34,6,9,13,6,0
2025-05-15T18:13:34,875,25,34,6,8,11,0,0
2025-05-15T18:13:46,869,25,34,7,8,11,6,0
2025-05-15T18:13:51,869,25,34,7,8,11,6,0
2025-05-15T18:13:52,869,25,34,7,8,11,6,0
2025-05-15T18:14:03,863,25,34,6,9,11,42,0
2025-05-15T18:14:09,859,25,34,6,9,15,36,0
2025-05-15T18:14:20,851,25,34,4,7,21,6,0
2025-05-15T18:14:31,851,25,34,4,7,21,6,0
2025-05-15T18:14:32,851,25,34,4,7,21,6,0
2025-05-15T18:14:43,827,25,34,3,6,11,12,0
2025-05-15T18:14:49,821,25,34,4,7,8,24,0
2025-05-15T18:15:00,805,25,34,4,7,10,12,0
2025-05-15T18:15:12,788,25,34,4,6,8,42,0
2025-05-15T18:15:23,785,25,34,5,8,8,24,0
2025-05-15T18:15:29,786,25,34,4,7,7,12,0
2025-05-15T18:15:40,784,25,34,3,5,5,12,0
2025-05-15T18:15:52,782,25,34,4,6,6,6,0
2025-05-15T18:16:03,783,25,34,5,6,8,18,0
2025-05-15T18:16:26,784,25,34,4,5,5,0,0
2025-05-15T18:16:31,784,25,34,4,5,5,0,0
2025-05-15T18:16:32,784,25,34,4,5,5,0,0
2025-05-15T18:16:43,788,25,34,5,7,10,18,0
2025-05-15T18:16:54,789,25,34,4,9,10,30,0
2025-05-15T18:17:06,790,25,34,4,8,10,36,0
2025-05-15T18:17:11,790,25,34,4,8,10,36,0
2025-05-15T18:17:12,790,25,34,4,8,10,36,0
2025-05-15T18:17:23,791,25,34,5,6,9,12,0
2025-05-15T18:17:34,789,25,34,4,6,9,0,0
2025-05-15T18:17:35,789,25,34,4,6,9,0,0
2025-05-15T18:17:46,787,25,34,4,8,8,12,0
2025-05-15T18:17:52,788,25,34,4,7,7,18,0
2025-05-15T18:18:03,788,25,34,4,7,7,18,0
2025-05-15T18:18:14,785,25,34,2,4,4,12,-1
2025-05-15T18:18:15,785,25,34,2,4,4,12,-1
2025-05-15T18:18:26,786,25,34,3,4,4,30,0
2025-05-15T18:18:32,786,24,34,4,5,7,6,0
2025-05-15T18:18:43,790,25,35,3,4,6,0,0
2025-05-15T18:18:54,790,25,35,3,4,6,0,0
2025-05-15T18:18:55,790,25,35,3,4,6,0,0
2025-05-15T18:19:06,790,25,34,4,6,6,12,0
2025-05-15T18:19:17,790,25,34,4,6,6,6,0
2025-05-15T18:19:23,789,25,34,4,6,6,30,0
2025-05-15T18:19:34,789,25,34,4,6,6,30,0
2025-05-15T18:19:35,789,25,34,4,6,6,30,0
2025-05-15T18:19:46,786,25,34,3,5,6,24,0
2025-05-15T18:19:57,784,25,34,4,6,9,24,0
2025-05-15T18:20:03,782,25,34,4,6,9,24,0
2025-05-15T18:20:14,782,25,34,4,6,9,24,0
2025-05-15T18:20:15,782,25,34,4,6,9,24,0
2025-05-15T18:20:26,782,25,34,3,5,8,42,0
2025-05-15T18:20:37,783,25,35,5,6,8,6,0
2025-05-15T18:21:00,786,25,35,4,5,5,12,0
2025-05-15T18:21:06,788,25,35,4,6,6,30,0
2025-05-15T18:21:17,796,25,35,4,6,6,36,0
2025-05-15T18:21:29,800,25,35,4,7,9,36,0
2025-05-15T18:21:40,804,25,35,6,8,9,18,0
2025-05-15T18:21:46,807,25,35,4,7,7,12,0
2025-05-15T18:21:57,811,25,34,3,7,7,24,0
2025-05-15T18:22:09,811,25,34,4,8,8,12,0
2025-05-15T18:22:20,810,25,35,4,6,6,12,0
2025-05-15T18:22:26,809,25,35,4,6,6,24,0
2025-05-15T18:22:37,809,25,35,4,6,6,18,0
2025-05-15T18:22:49,807,25,35,5,8,9,12,0
2025-05-15T18:23:00,808,25,35,4,7,10,12,0
2025-05-15T18:23:23,807,25,35,4,7,8,30,0
2025-05-15T18:23:29,807,25,35,4,8,10,18,0
2025-05-15T18:23:40,804,25,35,3,4,6,18,0
2025-05-15T18:23:51,804,25,35,3,4,6,18,0
2025-05-15T18:23:52,804,25,35,3,4,6,18,0
2025-05-15T18:24:03,800,25,35,4,7,8,24,0
2025-05-15T18:24:09,802,25,35,3,5,7,30,0
2025-05-15T18:24:20,801,25,35,4,7,7,48,0
2025-05-15T18:24:31,801,25,35,4,7,7,48,0
2025-05-15T18:24:32,801,25,35,4,7,7,48,0
2025-05-15T18:24:43,804,24,34,4,6,8,12,0
2025-05-15T18:24:54,806,25,35,2,4,4,24,0
2025-05-15T18:25:00,807,24,35,1,4,4,6,0
2025-05-15T18:25:11,807,24,35,1,4,4,6,0
2025-05-15T18:25:12,807,24,35,1,4,4,6,0
2025-05-15T18:25:23,808,24,35,3,3,5,18,0
2025-05-15T18:25:34,808,24,35,2,4,7,0,0
2025-05-15T18:25:35,808,24,35,2,4,7,0,0
2025-05-15T18:25:40,811,24,35,2,5,8,24,0
2025-05-15T18:25:52,811,24,35,3,6,13,48,0
2025-05-15T18:26:03,811,24,35,3,5,9,18,0
2025-05-15T18:26:14,810,24,35,4,6,9,12,-1
2025-05-15T18:26:15,810,24,35,4,6,9,12,-1
2025-05-15T18:26:48,819,24,35,3,5,5,18,-1
2025-05-15T18:26:49,819,24,35,3,5,5,18,-1
2025-05-15T18:27:22,824,25,35,3,6,7,24,0
2025-05-15T18:27:28,826,25,35,3,6,6,6,0
2025-05-15T18:27:40,829,25,35,2,5,5,6,0
2025-05-15T18:27:51,833,25,34,2,5,5,6,0
2025-05-15T18:28:02,856,25,35,3,5,13,12,-1
2025-05-15T18:28:03,856,25,35,3,5,13,12,-1
2025-05-15T18:28:08,864,24,34,3,4,16,12,0
2025-05-15T18:28:31,843,24,34,3,3,6,12,0
2025-05-15T18:28:37,841,24,34,3,4,7,6,0
2025-05-15T18:28:48,835,24,34,1,3,7,6,0
2025-05-15T18:28:59,835,24,34,1,3,7,6,0
2025-05-15T18:29:00,835,24,34,1,3,7,6,0
2025-05-15T18:29:16,835,24,34,1,3,7,6,0
2025-05-15T18:29:17,835,24,34,1,3,7,6,0
2025-05-15T18:29:28,829,24,35,3,5,8,6,0
2025-05-15T18:29:51,827,24,35,1,3,3,36,0
2025-05-15T18:29:56,827,24,35,1,3,3,36,0
2025-05-15T18:29:57,827,24,35,1,3,3,36,0
2025-05-15T18:30:08,832,24,35,3,5,8,12,0
2025-05-15T18:30:19,834,24,35,3,5,10,0,0
2025-05-15T18:30:31,835,24,35,2,4,8,0,0
2025-05-15T18:30:36,835,24,35,2,4,8,0,0
2025-05-15T18:30:37,835,24,35,2,4,8,0,0
2025-05-15T18:30:48,840,24,35,1,3,5,30,0
2025-05-15T18:30:59,839,24,35,2,5,7,30,0
2025-05-15T18:31:11,838,24,34,2,4,5,24,0
2025-05-15T18:31:22,843,24,35,1,3,3,24,0
2025-05-15T18:31:28,844,25,35,2,4,4,6,0
2025-05-15T18:31:39,844,24,34,2,4,5,18,0
2025-05-15T18:31:51,844,25,34,3,4,8,6,0
2025-05-15T18:32:02,842,25,34,3,5,8,6,0
2025-05-15T18:32:08,842,25,34,3,6,9,6,0
2025-05-15T18:32:19,844,25,34,3,5,5,36,0
2025-05-15T18:32:31,845,25,34,2,3,3,42,0
2025-05-15T18:32:42,842,25,34,4,5,5,24,0
2025-05-15T18:33:05,841,25,34,3,6,7,24,0
2025-05-15T18:33:11,841,25,34,3,5,7,18,0
2025-05-15T18:33:22,840,25,34,2,4,4,24,0
2025-05-15T18:33:39,841,25,34,4,6,13,12,0
2025-05-15T18:33:51,843,25,34,5,6,11,18,0
2025-05-15T18:34:02,845,25,34,6,7,9,0,0
2025-05-15T18:34:30,848,25,34,3,6,17,18,0
2025-05-15T18:34:42,847,25,34,3,5,12,24,0
2025-05-15T18:34:53,845,25,34,4,7,11,12,0
2025-05-15T18:34:59,846,25,34,3,7,10,24,0
2025-05-15T18:36:39,890,25,34,3,5,5,24,0,25,0.0888
2025-05-15T18:43:01,842,25,33,2,4,6,24,0,25,0.0888
2025-05-15T18:43:35,852,25,33,2,3,3,12,0,25,0.0444
2025-05-15T18:43:41,853,25,33,3,5,5,24,0,25,0.0888
2025-05-15T18:43:52,853,25,33,3,5,5,24,0,25,0.0888
2025-05-15T18:43:53,853,25,33,3,5,5,24,0,25,0.0888
2025-05-15T18:44:04,848,25,33,3,5,5,48,0,25,0.1776
2025-05-15T18:44:15,848,25,33,2,4,6,24,0,25,0.0888
2025-05-15T18:44:21,846,25,33,3,4,6,0,0,25,0
2025-05-15T18:44:32,846,25,33,3,4,6,0,0,25,0
2025-05-15T18:44:33,846,25,33,3,4,6,0,0,25,0
2025-05-15T18:44:44,845,25,33,3,4,4,18,0,25,0.0666
2025-05-15T18:44:55,846,25,33,2,2,2,12,0,25,0.0444
2025-05-15T18:45:07,843,25,33,2,2,4,6,0,25,0.0222
2025-05-15T18:45:12,843,25,33,2,2,4,6,0,25,0.0222
2025-05-15T18:45:13,843,25,33,2,2,4,6,0,25,0.0222
2025-05-15T18:45:30,844,25,33,1,2,9,6,0,25,0.0222
2025-05-15T18:45:41,842,25,33,1,4,9,0,0,25,0
2025-05-15T18:45:52,842,25,33,1,5,7,0,-1,25,0
2025-05-15T18:45:53,842,25,33,1,5,7,0,-1,25,0
2025-05-15T18:46:04,843,25,33,2,6,9,6,0,25,0.0222
2025-05-15T18:46:15,842,25,33,3,6,7,0,0,25,0
2025-05-15T18:46:21,843,25,33,2,3,5,18,0,25,0.0666
2025-05-15T18:46:32,843,25,33,2,3,5,18,0,25,0.0666
2025-05-15T18:46:33,843,25,33,2,3,5,18,0,25,0.0666
2025-05-15T18:46:44,842,25,33,2,3,3,18,0,25,0.0666
2025-05-15T18:46:55,842,25,33,3,3,3,30,0,25,0.111
2025-05-15T18:47:01,843,25,33,3,4,4,6,0,25,0.0222
2025-05-15T18:47:12,843,25,33,3,4,4,6,0,25,0.0222
2025-05-15T18:47:13,843,25,33,3,4,4,6,0,25,0.0222
2025-05-15T18:47:24,841,25,33,1,4,4,12,0,25,0.0444
2025-05-15T18:47:35,841,25,33,2,4,4,12,0,25,0.0444
2025-05-15T18:47:41,842,25,33,2,3,3,18,0,25,0.0666
2025-05-15T18:47:52,842,25,33,2,3,3,18,0,25,0.0666
2025-05-15T18:47:53,842,25,33,2,3,3,18,0,25,0.0666
2025-05-15T18:48:04,843,25,33,1,4,4,30,0,25,0.111
2025-05-15T18:48:15,842,25,33,1,4,4,18,0,25,0.0666
2025-05-15T18:48:21,842,25,33,2,4,4,12,0,25,0.0444
2025-05-15T18:48:33,843,25,33,2,3,3,12,0,25,0.0444
2025-05-15T18:48:44,842,25,33,3,4,4,0,0,25,0
2025-05-15T18:48:55,841,25,33,1,3,3,6,-1,25,0.0222
2025-05-15T18:48:56,841,25,33,1,3,3,6,-1,25,0.0222
2025-05-15T18:49:01,843,26,33,1,3,5,6,0,26,0.0222
2025-05-15T18:49:37,865,25,33,1,1,3,12,0,25,0.0444
2025-05-15T18:49:49,859,25,33,1,2,4,6,0,25,0.0222
2025-05-15T18:50:00,857,25,33,1,3,3,6,0,25,0.0222
2025-05-15T18:50:11,857,25,33,1,3,3,6,0,25,0.0222
2025-05-15T18:50:12,857,25,33,1,3,3,6,0,25,0.0222
2025-05-15T18:50:23,856,25,33,1,3,4,24,0,25,0.0888
2025-05-15T18:50:29,855,25,33,2,2,4,30,0,25,0.111
2025-05-15T18:50:40,849,25,33,1,2,3,24,0,25,0.0888
2025-05-15T18:50:51,849,25,33,1,2,3,24,0,25,0.0888
2025-05-15T18:50:52,849,25,33,1,2,3,24,0,25,0.0888
2025-05-15T18:51:03,847,25,33,2,3,5,36,0,25,0.1332
2025-05-15T18:52:02,866,25,34,1,3,3,24,0,25,0.0888
2025-05-15T18:52:13,866,25,34,0,1,1,18,0,25,0.0666
2025-05-15T18:52:25,870,25,34,1,2,2,36,0,25,0.1332
2025-05-15T18:52:36,858,25,34,1,2,2,18,0,25,0.0666
2025-05-15T18:52:42,858,25,34,2,3,3,6,0,25,0.0222
2025-05-15T18:52:53,854,25,34,2,3,3,0,0,25,0
2025-05-15T18:53:05,855,25,33,2,5,6,6,0,25,0.0222
2025-05-15T18:53:16,853,25,33,1,6,7,12,0,25,0.0444
2025-05-15T18:53:22,851,25,34,1,5,6,12,0,25,0.0444
2025-05-15T18:53:33,849,25,33,2,4,6,0,0,25,0
2025-05-15T18:53:45,845,25,34,2,5,6,36,0,25,0.1332
2025-05-15T18:53:56,844,25,34,1,4,4,48,0,25,0.1776
2025-05-15T18:54:08,840,25,33,1,3,5,24,0,25,0.0888
2025-05-15T18:54:13,839,25,33,2,3,4,12,0,25,0.0444
2025-05-15T18:54:25,836,25,34,1,2,3,6,0,25,0.0222
2025-05-15T18:54:36,834,25,34,3,4,4,6,0,25,0.0222
2025-05-15T18:54:48,831,25,34,1,3,3,12,0,25,0.0444
2025-05-15T18:54:53,831,25,34,2,3,5,12,-1,25,0.0444
2025-05-15T18:54:54,831,25,34,2,3,5,12,-1,25,0.0444
2025-05-15T18:55:05,827,25,34,2,3,6,18,0,25,0.0666
2025-05-15T18:55:16,823,25,34,1,3,6,24,0,25,0.0888
2025-05-15T18:55:39,817,25,34,3,4,5,18,0,25,0.0666
2025-05-15T18:55:45,816,25,34,2,2,4,18,0,25,0.0666
2025-05-15T18:55:56,813,25,34,2,2,4,30,0,25,0.111
2025-05-15T18:56:08,810,25,34,3,5,5,12,0,25,0.0444
2025-05-15T18:56:19,809,25,34,3,5,5,30,0,25,0.111
2025-05-15T18:56:25,808,25,34,2,3,3,42,0,25,0.1554
2025-05-15T18:56:36,807,25,34,1,2,2,36,0,25,0.1332
2025-05-15T18:56:48,804,25,34,1,2,5,30,0,25,0.111
2025-05-15T18:56:59,802,25,34,2,4,8,18,0,25,0.0666
2025-05-15T18:57:10,802,25,34,2,4,8,18,0,25,0.0666
2025-05-15T18:57:11,802,25,34,2,4,8,18,0,25,0.0666
2025-05-15T18:57:16,801,25,34,2,4,9,18,0,25,0.0666
2025-05-15T18:57:28,802,25,34,1,2,6,6,0,25,0.0222
2025-05-15T18:57:39,798,25,34,2,3,7,12,0,25,0.0444
2025-05-15T18:57:50,798,25,34,2,3,7,12,0,25,0.0444
2025-05-15T18:57:51,798,25,34,2,3,7,12,0,25,0.0444
2025-05-15T18:57:56,798,25,34,2,3,5,18,0,25,0.0666
2025-05-15T18:58:08,798,25,34,1,3,3,24,0,25,0.0888
2025-05-15T18:58:19,797,25,34,2,4,4,30,0,25,0.111
2025-05-15T18:58:30,797,25,34,2,4,4,30,0,25,0.111
2025-05-15T18:58:31,797,25,34,2,4,4,30,0,25,0.111
2025-05-15T18:58:36,797,25,34,3,5,5,0,0,25,0
2025-05-15T18:58:48,797,25,34,2,3,3,0,0,25,0
2025-05-15T18:58:59,798,25,34,3,5,5,6,0,25,0.0222
2025-05-15T18:59:10,798,25,34,3,5,5,6,0,25,0.0222
2025-05-15T18:59:11,798,25,34,3,5,5,6,0,25,0.0222
2025-05-15T18:59:16,796,25,34,1,4,5,12,0,25,0.0444
2025-05-15T18:59:28,798,25,34,1,2,4,12,0,25,0.0444
2025-05-15T18:59:39,799,25,34,2,3,6,12,0,25,0.0444
2025-05-15T18:59:51,797,25,34,1,2,5,12,0,25,0.0444
2025-05-15T18:59:56,797,25,34,1,3,6,24,0,25,0.0888
2025-05-15T18:59:57,797,25,34,1,3,6,24,0,25,0.0888
2025-05-15T19:00:08,796,25,34,1,3,4,0,0,25,0
2025-05-15T19:00:19,796,25,34,3,4,6,6,0,25,0.0222
2025-05-15T19:00:31,796,25,34,2,2,3,0,0,25,0
2025-05-15T19:00:42,797,25,34,1,2,4,6,0,25,0.0222
2025-05-15T19:00:48,797,25,34,1,2,2,12,0,25,0.0444
2025-05-15T19:00:59,798,25,34,3,5,9,18,0,25,0.0666
2025-05-15T19:01:11,797,25,34,2,5,9,18,0,25,0.0666
2025-05-15T19:01:22,797,25,34,1,5,5,30,0,25,0.111
2025-05-15T19:01:28,796,25,34,2,7,7,12,0,25,0.0444
2025-05-15T19:01:39,795,25,34,2,4,4,6,0,25,0.0222
2025-05-15T19:01:51,794,25,34,2,5,5,6,0,25,0.0222
2025-05-15T19:01:56,794,25,34,2,5,5,6,0,25,0.0222
2025-05-15T19:01:57,794,25,34,2,5,5,6,0,25,0.0222
2025-05-15T19:02:08,790,25,34,1,3,8,6,0,25,0.0222
2025-05-15T19:02:14,789,25,34,2,5,8,18,0,25,0.0666
2025-05-15T19:02:25,789,25,34,0,3,4,0,0,25,0
2025-05-15T19:02:36,789,25,34,0,3,4,0,0,25,0
2025-05-15T19:02:37,789,25,34,0,3,4,0,0,25,0
2025-05-15T19:02:48,793,25,34,2,3,3,12,0,25,0.0444
2025-05-15T19:02:54,794,25,34,2,3,3,12,0,25,0.0444
2025-05-15T19:03:05,796,25,34,2,3,3,36,0,25,0.1332
2025-05-15T19:03:17,798,25,34,0,2,2,24,0,25,0.0888
2025-05-15T19:03:28,800,25,34,0,2,2,12,0,25,0.0444
2025-05-15T19:03:34,799,25,34,1,3,4,6,0,25,0.0222
2025-05-15T19:03:45,800,25,33,1,2,4,36,0,25,0.1332
2025-05-15T19:03:57,799,25,33,2,3,5,0,0,25,0
2025-05-15T19:04:08,798,25,33,2,4,4,18,0,25,0.0666
2025-05-15T19:04:19,798,25,33,2,4,4,18,0,25,0.0666
2025-05-15T19:04:20,798,25,33,2,4,4,18,0,25,0.0666
2025-05-15T19:04:25,795,25,33,0,2,2,30,0,25,0.111
2025-05-15T19:04:37,792,25,33,2,3,3,12,0,25,0.0444
2025-05-15T19:04:48,789,25,33,2,3,4,24,0,25,0.0888
2025-05-15T19:04:59,789,25,33,2,3,4,24,0,25,0.0888
2025-05-15T19:05:00,789,25,33,2,3,4,24,0,25,0.0888
2025-05-15T19:05:05,788,25,33,2,3,9,12,0,25,0.0444
2025-05-15T19:05:17,787,25,33,1,2,2,6,0,25,0.0222
2025-05-15T19:05:28,785,25,33,2,3,3,12,0,25,0.0444
2025-05-15T19:05:51,781,25,33,1,2,2,6,0,25,0.0222
2025-05-15T19:06:25,776,25,33,2,3,3,12,0,25,0.0444
2025-05-15T19:06:30,776,25,33,2,3,3,12,0,25,0.0444
2025-05-15T19:06:31,776,25,33,2,3,3,12,0,25,0.0444
2025-05-15T19:06:42,774,25,33,0,1,1,18,0,25,0.0666
2025-05-15T19:06:53,772,25,34,2,3,4,30,0,25,0.111
2025-05-15T19:06:54,772,25,34,2,3,4,30,0,25,0.111
2025-05-15T19:07:05,773,25,34,2,3,5,42,0,25,0.1554
2025-05-15T19:07:11,772,25,33,2,2,4,12,0,25,0.0444
2025-05-15T19:07:22,772,25,33,0,1,1,6,0,25,0.0222
2025-05-15T19:07:33,772,25,33,0,1,1,6,0,25,0.0222
2025-05-15T19:07:34,772,25,33,0,1,1,6,0,25,0.0222
2025-05-15T19:07:45,775,25,33,1,3,3,12,0,25,0.0444
2025-05-15T19:07:56,776,25,33,2,4,5,18,0,25,0.0666
2025-05-15T19:08:02,776,25,33,2,4,5,18,0,25,0.0666
2025-05-15T19:08:13,776,25,33,2,4,5,18,0,25,0.0666
2025-05-15T19:08:14,776,25,33,2,4,5,18,0,25,0.0666
2025-05-15T19:08:25,775,25,33,1,1,1,30,0,25,0.111
2025-05-15T19:08:36,774,25,33,0,1,1,6,0,25,0.0222
2025-05-15T19:08:42,775,25,33,0,1,1,0,0,25,0
2025-05-15T19:08:53,775,25,33,0,1,1,0,0,25,0
2025-05-15T19:08:54,775,25,33,0,1,1,0,0,25,0
2025-05-15T19:09:05,771,25,33,1,3,5,6,0,25,0.0222
2025-05-15T19:09:16,772,25,33,1,2,3,12,0,25,0.0444
2025-05-15T19:09:45,766,25,33,1,2,7,18,0,25,0.0666
2025-05-15T19:09:56,762,25,33,1,1,4,12,0,25,0.0444
2025-05-15T19:10:19,758,25,33,2,4,5,30,0,25,0.111
2025-05-15T19:10:24,758,25,33,2,4,5,30,0,25,0.111
2025-05-15T19:10:25,758,25,33,2,4,5,30,0,25,0.111
2025-05-15T19:10:36,752,25,34,1,2,4,24,0,25,0.0888
2025-05-15T19:10:47,749,25,33,2,3,4,12,-1,25,0.0444
2025-05-15T19:10:48,749,25,33,2,3,4,12,-1,25,0.0444
2025-05-15T19:10:59,745,25,33,2,2,6,12,0,25,0.0444
2025-05-15T19:11:05,743,25,33,2,2,6,18,0,25,0.0666
2025-05-15T19:11:16,743,25,33,1,1,2,24,0,25,0.0888
2025-05-15T19:11:27,743,25,33,1,1,2,24,0,25,0.0888
2025-05-15T19:11:28,743,25,33,1,1,2,24,0,25,0.0888
2025-05-15T19:11:39,745,25,33,1,2,2,18,0,25,0.0666
2025-05-15T19:11:45,746,25,33,1,3,3,30,0,25,0.111
2025-05-15T19:11:56,746,25,33,1,2,2,0,0,25,0
2025-05-15T19:12:07,746,25,33,1,2,2,0,0,25,0
2025-05-15T19:12:08,746,25,33,1,2,2,0,0,25,0
2025-05-15T19:12:19,747,25,33,1,2,2,12,0,25,0.0444
2025-05-15T19:12:25,747,25,33,0,2,2,18,0,25,0.0666
2025-05-15T19:12:36,747,25,33,1,2,2,48,0,25,0.1776
2025-05-15T19:12:47,747,25,33,1,2,2,48,0,25,0.1776
2025-05-15T19:12:48,747,25,33,1,2,2,48,0,25,0.1776
2025-05-15T19:12:59,745,25,33,1,3,3,24,0,25,0.0888
2025-05-15T19:13:10,744,25,33,0,1,1,6,0,25,0.0222
2025-05-15T19:13:16,743,25,33,1,2,3,24,0,25,0.0888
2025-05-15T19:13:27,743,25,33,1,2,3,24,0,25,0.0888
2025-05-15T19:13:28,743,25,33,1,2,3,24,0,25,0.0888
2025-05-15T19:13:39,742,25,33,0,0,0,0,0,25,0
2025-05-15T19:13:50,738,25,33,0,1,1,12,0,25,0.0444
2025-05-15T19:13:56,737,25,34,1,1,1,24,0,25,0.0888
2025-05-15T19:14:08,732,25,33,1,1,3,12,0,25,0.0444
2025-05-15T19:14:19,727,25,34,1,2,4,42,0,25,0.1554
2025-05-15T19:14:30,721,25,33,0,1,2,18,-1,25,0.0666
2025-05-15T19:14:31,721,25,33,0,1,2,18,-1,25,0.0666
2025-05-15T19:15:04,721,24,33,1,2,2,36,0,24,0.1332
2025-05-15T19:15:38,714,24,33,0,1,1,12,0,24,0.0444
2025-05-15T19:15:44,712,24,33,0,0,0,12,0,24,0.0444
2025-05-15T19:15:55,712,24,33,0,0,0,12,0,24,0.0444
2025-05-15T19:15:56,712,24,33,0,0,0,12,0,24,0.0444
2025-05-15T19:16:07,708,24,33,1,1,1,6,0,24,0.0222
2025-05-15T19:16:18,705,24,34,1,2,2,6,0,24,0.0222
2025-05-15T19:16:19,705,24,34,1,2,2,6,0,24,0.0222
2025-05-15T19:16:24,704,24,34,1,3,3,18,0,24,0.0666
2025-05-15T19:16:58,702,24,34,1,2,5,12,0,24,0.0444
2025-05-15T19:17:32,703,24,34,0,1,3,0,0,24,0
2025-05-15T19:17:38,703,24,34,1,2,4,0,0,24,0
2025-05-15T19:17:49,703,24,34,0,2,2,6,0,24,0.0222
2025-05-15T19:18:01,703,25,34,1,1,2,18,0,25,0.0666
2025-05-15T19:18:12,703,25,34,2,2,3,0,0,25,0
2025-05-15T19:18:35,708,24,34,0,1,2,18,0,24,0.0666
2025-05-15T19:18:41,708,24,34,1,1,3,36,0,24,0.1332
2025-05-15T19:18:52,710,24,34,1,3,3,30,0,24,0.111
2025-05-15T19:19:03,710,24,34,1,3,3,30,0,24,0.111
2025-05-15T19:19:04,710,24,34,1,3,3,30,0,24,0.111
2025-05-15T19:19:15,715,25,34,1,2,3,30,0,25,0.111
2025-05-15T19:19:21,717,25,34,1,2,3,6,0,25,0.0222
2025-05-15T19:19:32,724,25,34,1,2,4,6,0,25,0.0222
2025-05-15T19:19:43,724,25,34,1,2,4,6,0,25,0.0222
2025-05-15T19:19:44,724,25,34,1,2,4,6,0,25,0.0222
2025-05-15T19:19:55,727,25,34,1,3,3,12,0,25,0.0444
2025-05-15T19:20:06,734,25,34,1,2,2,12,0,25,0.0444
2025-05-15T19:20:12,735,25,34,1,3,4,24,0,25,0.0888
2025-05-15T19:20:23,735,25,34,1,3,4,24,0,25,0.0888
2025-05-15T19:20:24,735,25,34,1,3,4,24,0,25,0.0888
2025-05-15T19:20:35,742,25,34,0,1,3,42,0,25,0.1554
2025-05-15T19:20:46,746,25,34,0,2,4,36,0,25,0.1332
2025-05-15T19:20:52,745,25,34,0,3,3,24,0,25,0.0888
2025-05-15T19:21:04,747,25,34,2,4,4,0,0,25,0
2025-05-15T19:21:15,749,25,34,1,3,3,6,0,25,0.0222
2025-05-15T19:21:26,752,25,34,1,2,2,0,-1,25,0
2025-05-15T19:21:27,752,25,34,1,2,2,0,-1,25,0
2025-05-15T19:21:32,752,25,34,2,3,3,0,0,25,0
2025-05-15T19:21:44,753,25,34,1,2,2,30,0,25,0.111
2025-05-15T19:21:55,754,25,34,1,3,3,42,0,25,0.1554
2025-05-15T19:22:06,754,25,34,1,3,3,42,0,25,0.1554
2025-05-15T19:22:07,754,25,34,1,3,3,42,0,25,0.1554
2025-05-15T19:22:12,752,25,34,0,1,3,24,0,25,0.0888
2025-05-15T19:22:24,754,25,34,1,2,4,6,0,25,0.0222
2025-05-15T19:22:35,755,25,34,1,1,1,6,0,25,0.0222
2025-05-15T19:22:46,755,25,34,1,1,1,6,0,25,0.0222
2025-05-15T19:22:47,755,25,34,1,1,1,6,0,25,0.0222
2025-05-15T19:22:52,753,25,34,0,2,2,24,0,25,0.0888
2025-05-15T19:23:04,753,25,34,0,0,0,18,0,25,0.0666
2025-05-15T19:23:15,752,25,34,1,1,1,12,0,25,0.0444
2025-05-15T19:23:26,752,25,34,1,1,1,12,0,25,0.0444
2025-05-15T19:23:27,752,25,34,1,1,1,12,0,25,0.0444
2025-05-15T19:23:38,750,25,34,1,3,6,48,0,25,0.1776
2025-05-15T19:23:44,749,25,34,1,3,5,0,0,25,0
2025-05-15T19:23:55,749,25,34,0,1,4,30,0,25,0.111
2025-05-15T19:24:07,745,25,34,1,2,4,30,0,25,0.111
2025-05-15T19:24:18,744,25,34,1,2,4,12,0,25,0.0444
2025-05-15T19:24:24,742,25,34,1,3,3,30,0,25,0.111
2025-05-15T19:24:35,740,25,34,1,3,4,24,0,25,0.0888
2025-05-15T19:24:47,741,25,34,0,2,3,24,0,25,0.0888
2025-05-15T19:24:58,740,25,34,1,3,3,24,0,25,0.0888
2025-05-15T19:25:04,740,25,34,1,2,2,12,0,25,0.0444
2025-05-15T19:25:15,737,25,34,1,2,2,18,0,25,0.0666
2025-05-15T19:25:27,735,25,34,1,2,2,12,0,25,0.0444
2025-05-15T19:25:38,735,25,34,2,3,4,6,0,25,0.0222
2025-05-15T19:25:44,734,25,34,1,3,5,30,0,25,0.111
2025-05-15T19:25:55,734,25,34,0,1,6,18,0,25,0.0666
2025-05-15T19:26:07,730,25,34,2,3,5,6,0,25,0.0222
2025-05-15T19:26:18,728,25,33,1,3,3,12,0,25,0.0444
2025-05-15T19:26:24,728,25,33,1,2,2,0,0,25,0
2025-05-15T19:26:35,727,25,33,0,1,2,24,0,25,0.0888
2025-05-15T19:26:47,726,25,33,1,2,3,18,0,25,0.0666
2025-05-15T19:26:58,725,25,34,1,1,2,18,0,25,0.0666
2025-05-15T19:27:10,725,25,33,1,1,1,18,0,25,0.0666
2025-05-15T19:27:15,724,25,33,1,1,1,18,0,25,0.0666
2025-05-15T19:27:27,722,25,33,0,0,0,18,0,25,0.0666
2025-05-15T19:27:38,720,25,33,0,2,4,24,0,25,0.0888
2025-05-15T19:27:50,720,25,33,0,2,3,18,0,25,0.0666
2025-05-15T19:27:55,719,25,33,0,1,2,6,0,25,0.0222
2025-05-15T19:27:56,719,25,33,0,1,2,6,0,25,0.0222
2025-05-15T19:28:07,717,25,33,0,2,2,6,0,25,0.0222
2025-05-15T19:28:18,716,25,33,0,1,2,12,0,25,0.0444
2025-05-15T19:28:30,714,25,33,0,0,2,30,0,25,0.111
2025-05-15T19:28:35,714,25,33,0,0,2,30,0,25,0.111
2025-05-15T19:28:36,714,25,33,0,0,2,30,0,25,0.111
2025-05-15T19:28:47,713,25,33,1,2,2,36,0,25,0.1332
2025-05-15T19:28:58,712,25,33,1,2,2,6,0,25,0.0222
2025-05-15T19:29:10,712,25,33,0,0,0,12,0,25,0.0444
2025-05-15T19:29:15,712,25,33,0,0,0,12,0,25,0.0444
2025-05-15T19:29:16,712,25,33,0,0,0,12,0,25,0.0444
2025-05-15T19:29:27,713,25,33,0,1,1,12,0,25,0.0444
2025-05-15T19:29:38,711,25,33,1,2,2,0,0,25,0
2025-05-15T19:29:50,709,25,33,0,0,4,12,0,25,0.0444
2025-05-15T19:29:55,709,25,33,0,0,4,12,0,25,0.0444
2025-05-15T19:29:56,709,25,33,0,0,4,12,0,25,0.0444
2025-05-15T19:30:07,707,25,33,1,1,3,24,0,25,0.0888
2025-05-15T19:30:18,704,25,33,0,1,1,0,0,25,0
2025-05-15T19:30:30,702,25,33,1,2,2,12,0,25,0.0444
2025-05-15T19:30:41,702,25,33,1,1,1,24,0,25,0.0888
2025-05-15T19:30:47,700,25,33,1,2,2,12,0,25,0.0444
2025-05-15T19:30:58,698,25,33,1,2,5,24,0,25,0.0888
2025-05-15T19:30:59,698,25,33,1,2,5,24,0,25,0.0888
2025-05-15T19:31:10,698,25,33,0,1,6,0,0,25,0
2025-05-15T19:31:21,699,25,33,0,0,2,12,0,25,0.0444
2025-05-15T19:31:27,698,25,33,1,1,3,12,0,25,0.0444
2025-05-15T19:31:38,698,25,33,1,1,3,12,0,25,0.0444
2025-05-15T19:31:39,698,25,33,1,1,3,12,0,25,0.0444
2025-05-15T19:31:50,697,25,33,1,2,3,12,0,25,0.0444
2025-05-15T19:32:01,693,25,33,0,1,1,24,0,25,0.0888
2025-05-15T19:32:07,692,25,33,1,2,2,0,0,25,0
2025-05-15T19:32:18,692,25,33,1,2,2,0,0,25,0
2025-05-15T19:32:19,692,25,33,1,2,2,0,0,25,0
2025-05-15T19:32:30,689,25,33,1,3,3,18,0,25,0.0666
2025-05-15T19:32:41,688,25,33,0,2,2,6,0,25,0.0222
2025-05-15T19:32:47,685,25,33,0,1,1,6,0,25,0.0222
2025-05-15T19:32:58,685,25,33,0,1,1,6,0,25,0.0222
2025-05-15T19:32:59,685,25,33,0,1,1,6,0,25,0.0222
2025-05-15T19:33:10,684,25,33,0,1,3,18,0,25,0.0666
2025-05-15T19:33:21,684,25,33,1,2,3,18,0,25,0.0666
2025-05-15T19:33:27,683,25,33,1,2,2,18,0,25,0.0666
2025-05-15T19:33:38,683,25,33,1,2,2,18,0,25,0.0666
2025-05-15T19:33:39,683,25,33,1,2,2,18,0,25,0.0666
2025-05-15T19:33:50,682,25,33,1,1,2,12,0,25,0.0444
2025-05-15T19:34:01,680,25,33,1,3,3,24,0,25,0.0888
2025-05-15T19:34:13,680,25,33,0,2,2,6,0,25,0.0222
2025-05-15T19:34:19,680,25,33,1,2,2,24,0,25,0.0888
2025-05-15T19:34:30,679,25,33,1,3,3,24,0,25,0.0888
2025-05-15T19:34:41,677,25,33,0,2,2,30,-1,25,0.111
2025-05-15T19:34:42,677,25,33,0,2,2,30,-1,25,0.111
2025-05-15T19:34:53,677,25,33,1,2,3,6,0,25,0.0222
2025-05-15T19:34:59,677,25,33,1,1,4,6,0,25,0.0222
2025-05-15T19:35:10,677,25,33,0,0,4,6,0,25,0.0222
2025-05-15T19:35:21,677,25,33,0,0,4,6,0,25,0.0222
2025-05-15T19:35:22,677,25,33,0,0,4,6,0,25,0.0222
2025-05-15T19:35:33,676,25,33,1,3,4,6,0,25,0.0222
2025-05-15T19:35:55,676,25,33,1,3,4,6,0,25,0.0222
2025-05-15T19:35:56,676,25,33,1,3,4,6,0,25,0.0222
2025-05-15T19:36:01,673,25,33,1,3,4,18,0,25,0.0666
2025-05-15T19:36:13,672,25,33,0,2,3,30,0,25,0.111
2025-05-15T19:36:24,671,25,33,1,3,4,12,0,25,0.0444
2025-05-15T19:36:36,671,25,33,1,3,3,36,0,25,0.1332
2025-05-15T19:36:41,671,25,33,1,3,3,6,0,25,0.0222
2025-05-15T19:36:53,672,25,33,1,2,2,24,0,25,0.0888
2025-05-15T19:37:10,674,25,33,1,3,12,24,0,25,0.0888
2025-05-15T19:37:21,673,25,33,1,2,6,6,0,25,0.0222
2025-05-15T19:37:33,672,25,33,3,3,3,24,0,25,0.0888
2025-05-15T19:37:55,673,25,33,1,2,2,30,0,25,0.111
2025-05-15T19:37:56,673,25,33,1,2,2,30,0,25,0.111
2025-05-15T19:38:01,673,25,33,2,2,2,18,0,25,0.0666
2025-05-15T19:38:13,673,25,33,1,1,3,12,0,25,0.0444
2025-05-15T19:38:24,673,25,33,2,3,4,18,0,25,0.0666
2025-05-15T19:38:35,672,25,33,2,3,3,12,-1,25,0.0444
2025-05-15T19:38:36,672,25,33,2,3,3,12,-1,25,0.0444
2025-05-15T19:38:41,673,25,33,2,3,3,18,0,25,0.0666
2025-05-15T19:38:53,673,25,33,1,2,3,0,0,25,0
2025-05-15T19:39:04,672,25,33,2,3,5,30,0,25,0.111
2025-05-15T19:39:15,672,25,33,2,3,5,30,0,25,0.111
2025-05-15T19:39:16,672,25,33,2,3,5,30,0,25,0.111
2025-05-15T19:39:27,673,25,33,1,2,2,12,0,25,0.0444
2025-05-15T19:39:33,672,25,33,2,3,3,12,0,25,0.0444
2025-05-15T19:39:44,673,25,33,2,2,2,12,0,25,0.0444
2025-05-15T19:39:55,673,25,33,2,2,2,12,0,25,0.0444
2025-05-15T19:39:56,673,25,33,2,2,2,12,0,25,0.0444
2025-05-15T19:40:07,672,25,33,0,1,1,36,0,25,0.1332
2025-05-15T19:40:13,671,25,33,1,3,3,48,0,25,0.1776
2025-05-15T19:40:24,671,25,33,0,2,5,30,0,25,0.111
2025-05-15T19:40:35,671,25,33,0,2,5,30,0,25,0.111
2025-05-15T19:40:36,671,25,33,0,2,5,30,0,25,0.111
2025-05-15T19:40:47,671,25,33,0,2,3,18,0,25,0.0666
2025-05-15T19:40:53,671,25,33,0,2,3,6,0,25,0.0222
2025-05-15T19:41:04,670,25,33,1,2,7,18,0,25,0.0666
2025-05-15T19:41:16,669,25,33,1,3,6,6,0,25,0.0222
2025-05-15T19:41:27,668,25,32,1,2,9,0,0,25,0
2025-05-15T19:41:33,667,25,32,2,2,7,6,0,25,0.0222
2025-05-15T19:41:44,668,25,32,1,3,9,24,0,25,0.0888
2025-05-15T19:41:56,669,25,32,2,3,5,48,0,25,0.1776
2025-05-15T19:42:07,670,25,32,1,3,5,12,0,25,0.0444
2025-05-15T19:42:13,670,25,32,2,4,4,6,0,25,0.0222
2025-05-15T19:42:24,671,25,32,0,2,2,18,0,25,0.0666
2025-05-15T19:42:36,672,25,32,1,2,3,6,0,25,0.0222
2025-05-15T19:42:47,672,25,32,1,2,2,6,0,25,0.0222
2025-05-15T19:42:58,672,25,32,1,2,2,6,0,25,0.0222
2025-05-15T19:42:59,672,25,32,1,2,2,6,0,25,0.0222
2025-05-15T19:43:04,673,25,32,0,1,2,12,0,25,0.0444
2025-05-15T19:43:16,673,25,32,2,3,3,6,0,25,0.0222
2025-05-15T19:43:27,674,25,32,1,2,3,24,0,25,0.0888
2025-05-15T19:43:38,674,25,32,1,2,3,24,0,25,0.0888
2025-05-15T19:43:39,674,25,32,1,2,3,24,0,25,0.0888
2025-05-15T19:43:44,675,25,32,2,3,3,30,0,25,0.111
2025-05-15T19:43:56,675,25,32,1,3,3,24,0,25,0.0888
2025-05-15T19:44:07,676,25,32,1,3,3,18,0,25,0.0666
2025-05-15T19:44:19,676,25,32,1,3,3,12,0,25,0.0444
2025-05-15T19:44:24,675,25,32,1,3,3,24,0,25,0.0888
2025-05-15T19:44:36,674,25,32,1,3,3,18,0,25,0.0666
2025-05-15T19:44:47,673,25,32,2,4,4,12,0,25,0.0444
2025-05-15T19:44:59,673,25,32,2,3,4,42,0,25,0.1554
2025-05-15T19:45:04,674,25,32,2,4,6,0,-1,25,0
2025-05-15T19:45:05,674,25,32,2,4,6,0,-1,25,0
2025-05-15T19:45:16,674,25,32,2,3,5,0,0,25,0
2025-05-15T19:45:27,673,25,32,1,3,3,6,0,25,0.0222
2025-05-15T19:45:39,673,25,32,2,2,2,18,0,25,0.0666
2025-05-15T19:45:44,673,25,32,2,2,2,18,0,25,0.0666
2025-05-15T19:45:45,673,25,32,2,2,2,18,0,25,0.0666
2025-05-15T19:45:56,674,25,32,2,4,5,18,0,25,0.0666
2025-05-15T19:46:07,675,25,32,2,3,7,12,0,25,0.0444
2025-05-15T19:46:19,674,25,32,2,4,8,18,0,25,0.0666
2025-05-15T19:46:41,673,25,32,1,2,2,30,-1,25,0.111
2025-05-15T19:46:42,673,25,32,1,2,2,30,-1,25,0.111
2025-05-15T19:46:47,673,25,32,1,2,2,12,0,25,0.0444
2025-05-15T19:46:59,673,25,32,0,0,0,12,0,25,0.0444
2025-05-15T19:47:10,673,25,32,2,2,2,0,0,25,0
2025-05-15T19:47:21,673,25,32,2,2,2,0,0,25,0
2025-05-15T19:47:22,673,25,32,2,2,2,0,0,25,0
2025-05-15T19:47:27,672,25,32,0,1,3,18,0,25,0.0666
2025-05-15T19:47:39,671,25,32,1,2,3,0,0,25,0
2025-05-15T19:47:50,671,25,32,1,2,4,12,0,25,0.0444
2025-05-15T19:48:01,671,25,32,1,2,4,12,0,25,0.0444
2025-05-15T19:48:02,671,25,32,1,2,4,12,0,25,0.0444
2025-05-15T19:48:07,671,25,32,0,1,2,0,0,25,0
2025-05-15T19:48:19,671,25,32,1,3,5,6,0,25,0.0222
2025-05-15T19:48:30,670,25,32,1,4,7,24,0,25,0.0888
2025-05-15T19:48:41,670,25,32,1,4,7,24,0,25,0.0888
2025-05-15T19:48:42,670,25,32,1,4,7,24,0,25,0.0888
2025-05-15T19:48:47,669,25,32,1,4,5,36,0,25,0.1332
2025-05-15T19:48:59,669,25,32,1,2,2,6,0,25,0.0222
2025-05-15T19:49:10,669,26,32,0,0,0,24,0,26,0.0888
2025-05-15T19:49:22,666,25,32,0,1,1,12,0,25,0.0444
2025-05-15T19:49:44,666,26,32,0,1,2,24,0,26,0.0888
2025-05-15T19:49:50,665,26,32,0,1,2,0,0,26,0
2025-05-15T19:50:01,665,26,32,0,1,2,0,0,26,0
2025-05-15T19:50:02,665,26,32,0,1,2,0,0,26,0
2025-05-15T19:50:13,666,25,32,0,1,1,0,0,25,0
2025-05-15T19:50:24,666,26,32,0,1,1,6,0,26,0.0222
2025-05-15T19:50:30,666,26,32,1,3,3,6,0,26,0.0222
2025-05-15T19:50:41,666,26,32,1,3,3,6,0,26,0.0222
2025-05-15T19:50:42,666,26,32,1,3,3,6,0,26,0.0222
2025-05-15T19:50:53,664,26,32,2,4,5,36,0,26,0.1332
2025-05-15T19:51:04,664,26,32,1,3,3,6,0,26,0.0222
2025-05-15T19:51:10,664,26,32,2,3,4,12,0,26,0.0444
2025-05-15T19:51:21,664,26,32,2,3,4,12,0,26,0.0444
2025-05-15T19:51:22,664,26,32,2,3,4,12,0,26,0.0444
2025-05-15T19:51:33,662,26,32,1,3,5,18,0,26,0.0666
2025-05-15T19:51:44,663,26,32,1,3,4,18,0,26,0.0666
2025-05-15T19:51:45,663,26,32,1,3,4,18,0,26,0.0666
2025-05-15T19:51:50,663,26,32,1,2,3,36,0,26,0.1332
2025-05-15T19:52:02,663,26,32,2,3,3,18,0,26,0.0666
2025-05-15T19:52:13,662,26,32,2,3,3,24,0,26,0.0888
2025-05-15T19:52:24,662,26,32,2,3,3,24,0,26,0.0888
2025-05-15T19:52:25,662,26,32,2,3,3,24,0,26,0.0888
2025-05-15T19:52:36,661,26,32,1,3,3,30,0,26,0.111
2025-05-15T19:52:42,661,26,32,2,3,3,12,0,26,0.0444
2025-05-15T19:52:53,660,26,32,1,2,2,6,0,26,0.0222
2025-05-15T19:53:04,660,26,32,1,2,2,6,0,26,0.0222
2025-05-15T19:53:05,660,26,32,1,2,2,6,0,26,0.0222
2025-05-15T19:53:16,658,26,32,1,2,2,0,0,26,0
2025-05-15T19:53:22,659,26,32,1,2,2,6,0,26,0.0222
2025-05-15T19:53:33,659,26,32,1,3,3,36,0,26,0.1332
2025-05-15T19:53:44,659,26,32,1,3,3,36,0,26,0.1332
2025-05-15T19:53:45,659,26,32,1,3,3,36,0,26,0.1332
2025-05-15T19:54:18,659,26,32,1,3,3,36,0,26,0.1332
2025-05-15T19:54:19,659,26,32,1,3,3,36,0,26,0.1332
2025-05-15T19:54:41,658,26,32,2,4,5,12,0,26,0.0444
2025-05-15T19:54:47,658,26,32,0,3,4,12,0,26,0.0444
2025-05-15T19:54:58,657,26,32,1,3,5,12,0,26,0.0444
2025-05-15T19:55:10,657,26,32,1,1,2,30,0,26,0.111
2025-05-15T19:55:21,656,26,32,1,1,1,12,0,26,0.0444
2025-05-15T19:55:27,656,26,32,2,3,3,12,0,26,0.0444
2025-05-15T19:55:38,655,26,32,1,2,2,24,-1,26,0.0888
2025-05-15T19:55:39,655,26,32,1,2,2,24,-1,26,0.0888
2025-05-15T19:55:50,655,26,32,1,2,2,6,0,26,0.0222
2025-05-15T19:56:01,655,26,32,2,3,3,30,0,26,0.111
2025-05-15T19:56:13,655,26,32,2,4,5,48,0,26,0.1776
2025-05-15T19:56:18,655,26,32,2,4,5,48,0,26,0.1776
2025-05-15T19:56:19,655,26,32,2,4,5,48,0,26,0.1776
2025-05-15T19:56:30,655,26,32,1,2,4,24,0,26,0.0888
2025-05-15T19:56:41,655,26,32,1,3,3,6,0,26,0.0222
2025-05-15T19:56:53,655,26,32,2,4,4,6,0,26,0.0222
2025-05-15T19:56:58,655,26,32,2,4,4,6,0,26,0.0222
2025-05-15T19:56:59,655,26,32,2,4,4,6,0,26,0.0222
2025-05-15T19:57:10,653,26,32,1,2,3,24,0,26,0.0888
2025-05-15T19:57:21,654,26,32,0,1,2,12,0,26,0.0444
2025-05-15T19:57:33,652,26,32,1,2,2,6,0,26,0.0222
2025-05-15T19:57:38,652,26,32,1,2,2,6,0,26,0.0222
2025-05-15T19:57:39,652,26,32,1,2,2,6,0,26,0.0222
2025-05-15T20:26:02,652,26,32,1,2,2,6,0,26,0.0222
2025-05-15T20:26:13,636,26,32,0,2,2,18,0,26,0.0666
2025-05-15T20:26:24,637,26,32,1,2,2,12,0,26,0.0444
2025-05-15T20:26:35,636,26,33,2,3,4,24,-1,26,0.0888
2025-05-15T20:26:36,636,26,33,2,3,4,24,-1,26,0.0888
2025-05-15T20:26:58,637,26,32,3,3,3,12,0,26,0.0444
2025-05-15T20:27:04,637,26,32,2,3,3,30,0,26,0.111
2025-05-15T20:27:15,638,26,32,1,2,2,6,0,26,0.0222
2025-05-15T20:27:27,639,26,32,1,2,2,42,0,26,0.1554
2025-05-15T20:27:38,639,26,32,1,1,1,30,0,26,0.111
2025-05-15T20:27:44,639,26,32,2,3,3,12,0,26,0.0444
2025-05-15T20:27:55,641,26,32,1,2,2,12,0,26,0.0444
2025-05-15T20:28:07,641,26,32,1,2,2,6,0,26,0.0222
2025-05-15T20:28:18,642,26,32,2,3,5,6,0,26,0.0222
2025-05-15T20:28:24,642,26,32,1,3,4,18,0,26,0.0666
2025-05-15T20:28:35,642,26,32,0,2,4,12,-1,26,0.0444
2025-05-15T20:28:36,642,26,32,0,2,4,12,-1,26,0.0444
2025-05-15T20:28:47,643,26,32,0,2,2,18,0,26,0.0666
2025-05-15T20:28:58,643,26,32,1,4,4,24,0,26,0.0888
2025-05-15T20:29:04,643,26,32,1,4,4,18,0,26,0.0666
2025-05-15T20:29:15,643,26,32,1,4,4,18,0,26,0.0666
2025-05-15T20:29:16,643,26,32,1,4,4,18,0,26,0.0666
2025-05-15T20:29:27,644,26,32,1,3,3,12,0,26,0.0444
2025-05-15T20:29:38,645,26,32,1,3,3,6,0,26,0.0222
2025-05-15T20:30:01,645,26,32,0,2,2,42,0,26,0.1554
2025-05-15T20:30:07,645,26,32,0,1,1,66,0,26,0.2442
2025-05-15T20:30:18,644,26,32,1,2,2,42,0,26,0.1554
2025-05-15T20:30:30,644,26,32,0,1,1,60,0,26,0.222
2025-05-15T20:30:52,645,26,32,1,3,3,30,0,26,0.111
2025-05-15T20:30:58,645,26,32,1,2,2,6,0,26,0.0222
2025-05-15T20:31:09,645,26,32,1,2,2,6,0,26,0.0222
2025-05-15T20:31:10,645,26,32,1,2,2,6,0,26,0.0222
2025-05-15T20:31:21,645,26,32,2,3,3,0,0,26,0
2025-05-15T20:31:32,646,26,32,0,1,1,12,0,26,0.0444
2025-05-15T20:31:38,646,26,32,0,1,1,18,0,26,0.0666
2025-05-15T20:31:49,646,26,32,0,1,1,18,0,26,0.0666
2025-05-15T20:31:50,646,26,32,0,1,1,18,0,26,0.0666
2025-05-15T20:32:01,648,26,32,1,2,4,0,0,26,0
2025-05-15T20:32:12,648,26,32,1,2,4,18,0,26,0.0666
2025-05-15T20:32:13,648,26,32,1,2,4,18,0,26,0.0666
2025-05-15T20:32:24,648,26,32,1,2,2,30,0,26,0.111
2025-05-15T20:32:30,649,26,32,2,3,4,18,0,26,0.0666
2025-05-15T20:32:41,647,26,32,1,1,3,0,0,26,0
2025-05-15T20:32:52,647,26,32,0,1,3,18,-1,26,0.0666
2025-05-15T20:32:53,647,26,32,0,1,3,18,-1,26,0.0666
2025-05-15T20:33:04,647,26,32,2,2,4,0,0,26,0
2025-05-15T20:33:10,646,26,32,2,2,4,6,0,26,0.0222
2025-05-15T20:33:21,646,26,32,1,2,3,18,0,26,0.0666
2025-05-15T20:33:32,646,26,32,1,2,3,18,0,26,0.0666
2025-05-15T20:33:33,646,26,32,1,2,3,18,0,26,0.0666
2025-05-15T20:33:55,645,26,32,1,1,3,12,0,26,0.0444
2025-05-15T20:34:29,647,26,32,2,4,4,18,0,26,0.0666
2025-05-15T20:34:35,647,26,32,1,3,3,6,0,26,0.0222
2025-05-15T20:34:46,646,26,32,1,2,2,24,0,26,0.0888
2025-05-15T20:34:58,647,26,32,1,2,2,12,0,26,0.0444
2025-05-15T20:35:09,645,26,32,1,1,3,0,0,26,0
2025-05-15T20:35:15,646,26,32,1,2,5,24,0,26,0.0888
2025-05-15T20:35:26,644,26,32,0,2,6,12,0,26,0.0444
2025-05-15T20:35:27,644,26,32,0,2,6,12,0,26,0.0444
2025-05-15T20:35:38,645,26,32,2,5,5,12,0,26,0.0444
2025-05-15T20:35:49,645,26,32,2,2,2,18,0,26,0.0666
2025-05-15T20:36:01,647,26,32,1,1,1,30,0,26,0.111
2025-05-15T20:36:06,647,26,32,1,1,1,30,0,26,0.111
2025-05-15T20:36:07,647,26,32,1,1,1,30,0,26,0.111
2025-05-15T20:36:18,647,26,32,1,4,6,6,0,26,0.0222
2025-05-15T20:36:29,646,26,32,1,4,5,6,0,26,0.0222
2025-05-15T20:36:41,647,26,32,0,2,3,12,0,26,0.0444
2025-05-15T20:36:46,647,26,32,0,2,3,12,0,26,0.0444
2025-05-15T20:36:47,647,26,32,0,2,3,12,0,26,0.0444
2025-05-15T20:36:58,647,26,32,1,1,5,18,0,26,0.0666
2025-05-15T20:37:09,649,26,32,1,2,7,0,0,26,0
2025-05-15T20:37:32,649,26,32,2,2,4,18,0,26,0.0666
2025-05-15T20:37:38,649,26,32,1,2,3,6,0,26,0.0222
2025-05-15T20:37:49,650,26,32,0,2,3,18,0,26,0.0666
2025-05-15T20:38:01,649,26,32,1,3,4,12,0,26,0.0444
2025-05-15T20:38:12,649,26,32,0,2,2,6,0,26,0.0222
2025-05-15T20:38:18,649,26,32,0,1,1,18,0,26,0.0666
2025-05-15T20:38:29,649,26,32,0,1,3,24,0,26,0.0888
2025-05-15T20:38:41,650,26,32,1,2,4,30,0,26,0.111
2025-05-15T20:38:52,650,26,32,2,3,5,36,0,26,0.1332
2025-05-15T20:39:03,650,26,32,2,3,5,36,0,26,0.1332
2025-05-15T20:39:04,650,26,32,2,3,5,36,0,26,0.1332
2025-05-15T20:39:09,650,26,32,0,0,0,24,0,26,0.0888
2025-05-15T20:39:21,651,26,32,1,2,2,12,0,26,0.0444
2025-05-15T20:39:32,651,26,32,2,4,4,6,0,26,0.0222
2025-05-15T20:39:55,651,26,32,1,2,3,0,0,26,0
2025-05-15T20:40:01,652,26,32,1,3,5,12,0,26,0.0444
2025-05-15T20:40:12,652,26,32,1,2,5,36,0,26,0.1332
2025-05-15T20:40:23,652,26,32,1,2,5,36,0,26,0.1332
2025-05-15T20:40:24,652,26,32,1,2,5,36,0,26,0.1332
2025-05-15T20:40:35,650,26,32,2,3,3,18,0,26,0.0666
2025-05-15T20:40:41,650,26,32,2,3,3,12,0,26,0.0444
2025-05-15T20:40:52,650,26,32,2,4,4,12,0,26,0.0444
2025-05-15T20:41:03,650,26,32,2,4,4,12,0,26,0.0444
2025-05-15T20:41:04,650,26,32,2,4,4,12,0,26,0.0444
2025-05-15T20:41:15,648,26,32,1,4,5,6,0,26,0.0222
2025-05-15T20:41:21,647,26,32,2,3,5,12,0,26,0.0444
2025-05-15T20:41:32,647,26,32,1,3,3,30,0,26,0.111
2025-05-15T20:41:44,648,26,32,2,3,3,12,0,26,0.0444
2025-05-15T20:41:55,648,26,32,1,2,5,36,0,26,0.1332
2025-05-15T20:42:18,648,26,32,2,2,2,18,0,26,0.0666
2025-05-15T20:42:23,648,26,32,2,2,2,18,0,26,0.0666
2025-05-15T20:42:24,648,26,32,2,2,2,18,0,26,0.0666
2025-05-15T20:42:35,647,26,32,2,3,4,0,0,26,0
2025-05-15T20:42:46,648,26,32,1,2,3,6,0,26,0.0222
2025-05-15T20:43:09,648,26,32,2,4,4,6,0,26,0.0222
2025-05-15T20:43:15,649,26,32,1,3,3,18,0,26,0.0666
2025-05-15T20:43:26,648,26,32,3,4,7,18,0,26,0.0666
2025-05-15T20:43:38,649,26,32,2,3,6,18,0,26,0.0666
2025-05-15T20:43:49,649,26,32,2,4,4,0,0,26,0
2025-05-15T20:43:55,650,26,32,2,4,4,12,0,26,0.0444
2025-05-15T20:44:06,651,26,32,2,6,6,6,0,26,0.0222
2025-05-15T20:44:18,650,26,32,2,6,7,12,0,26,0.0444
2025-05-15T20:44:29,649,26,32,1,4,5,0,0,26,0
2025-05-15T20:44:40,649,26,32,1,4,5,0,0,26,0
2025-05-15T20:44:41,649,26,32,1,4,5,0,0,26,0
2025-05-15T20:44:46,650,26,32,1,2,2,12,0,26,0.0444
2025-05-15T20:44:58,651,26,32,1,2,2,24,0,26,0.0888
2025-05-15T20:45:09,651,26,32,1,2,2,36,0,26,0.1332
2025-05-15T20:45:32,652,26,32,1,3,5,24,0,26,0.0888
2025-05-15T20:45:38,652,26,32,1,3,4,12,0,26,0.0444
2025-05-15T20:45:49,652,26,32,0,2,2,6,0,26,0.0222
2025-05-15T20:46:00,652,26,32,0,2,2,6,0,26,0.0222
2025-05-15T20:46:01,652,26,32,0,2,2,6,0,26,0.0222
2025-05-15T20:46:12,652,26,32,3,4,4,12,0,26,0.0444
2025-05-15T20:57:03,689,26,34,2,4,4,6,0,26,0.0222
2025-05-15T20:57:09,697,26,33,2,4,4,30,0,26,0.111
2025-05-15T20:57:20,728,26,33,1,3,5,0,0,26,0
2025-05-15T20:57:31,728,26,33,1,3,5,0,0,26,0
2025-05-15T20:57:32,728,26,33,1,3,5,0,0,26,0
2025-05-15T20:57:43,725,26,33,3,5,5,24,0,26,0.0888
2025-05-15T20:57:49,724,26,33,1,4,4,12,0,26,0.0444
2025-05-15T20:58:00,724,26,33,2,4,4,36,0,26,0.1332
2025-05-15T20:58:12,720,26,33,2,4,4,24,0,26,0.0888
2025-05-15T20:58:23,725,26,33,2,3,3,6,0,26,0.0222
2025-05-15T20:58:34,725,26,33,2,3,3,6,0,26,0.0222
2025-05-15T20:58:35,725,26,33,2,3,3,6,0,26,0.0222
2025-05-15T20:58:40,727,26,33,1,3,5,42,0,26,0.1554
2025-05-15T20:58:52,726,26,33,3,5,8,30,0,26,0.111
2025-05-15T20:59:03,727,26,33,2,4,7,12,0,26,0.0444
2025-05-15T20:59:26,730,26,33,2,4,4,24,0,26,0.0888
2025-05-15T20:59:31,730,26,33,2,4,4,24,0,26,0.0888
2025-05-15T20:59:32,730,26,33,2,4,4,24,0,26,0.0888
2025-05-15T20:59:43,730,26,33,3,4,4,0,0,26,0
2025-05-15T20:59:54,731,26,33,3,5,5,18,0,26,0.0666
2025-05-15T20:59:55,731,26,33,3,5,5,18,0,26,0.0666
2025-05-15T21:00:06,734,26,32,3,4,4,6,0,26,0.0222
2025-05-15T21:00:12,734,26,33,3,4,4,18,0,26,0.0666
2025-05-15T21:00:23,738,26,33,3,4,4,18,0,26,0.0666
2025-05-15T21:00:35,737,26,33,2,4,4,12,0,26,0.0444
2025-05-15T21:00:46,735,26,33,1,3,3,12,0,26,0.0444
2025-05-15T21:00:52,734,26,33,1,3,3,6,0,26,0.0222
2025-05-15T21:01:03,732,26,32,2,5,6,0,0,26,0
2025-05-15T21:01:15,728,26,32,3,6,7,0,0,26,0
2025-05-15T21:01:26,728,26,32,3,5,6,12,0,26,0.0444
2025-05-15T21:01:49,724,26,32,1,2,2,6,0,26,0.0222
2025-05-15T21:01:55,723,26,32,1,2,2,24,0,26,0.0888
2025-05-15T21:02:06,723,26,32,2,3,3,24,0,26,0.0888
2025-05-15T21:02:17,723,26,32,2,3,3,24,0,26,0.0888
2025-05-15T21:02:18,723,26,32,2,3,3,24,0,26,0.0888
2025-05-15T21:02:40,724,26,32,3,3,3,24,0,26,0.0888
2025-05-15T21:02:46,725,26,32,2,3,3,6,0,26,0.0222
2025-05-15T21:02:57,728,26,32,2,3,4,12,0,26,0.0444
2025-05-15T21:03:09,730,26,32,2,4,6,6,0,26,0.0222
2025-05-15T21:03:20,730,26,32,1,3,5,6,0,26,0.0222
2025-05-15T21:03:26,730,26,32,1,3,4,6,0,26,0.0222
2025-05-15T21:03:37,729,26,32,2,3,3,6,-1,26,0.0222
2025-05-15T21:03:38,729,26,32,2,3,3,6,-1,26,0.0222
2025-05-15T21:03:49,726,26,32,2,3,3,24,0,26,0.0888
2025-05-15T21:04:00,725,26,32,3,4,4,18,0,26,0.0666
2025-05-15T21:04:12,723,26,32,2,3,3,24,0,26,0.0888
2025-05-15T21:04:17,723,26,32,2,3,3,24,0,26,0.0888
2025-05-15T21:04:18,723,26,32,2,3,3,24,0,26,0.0888
2025-05-15T21:04:29,722,26,32,2,3,4,6,0,26,0.0222
2025-05-15T21:04:40,718,26,32,2,3,4,6,0,26,0.0222
2025-05-15T21:04:52,717,26,32,3,5,10,0,0,26,0
2025-05-15T21:04:57,717,26,32,3,5,10,0,0,26,0
2025-05-15T21:04:58,717,26,32,3,5,10,0,0,26,0
2025-05-15T21:05:03,714,26,32,0,2,7,0,0,26,0
2025-05-15T21:05:15,710,26,32,1,4,6,12,0,26,0.0444
2025-05-15T21:05:26,708,26,32,1,3,4,18,0,26,0.0666
2025-05-15T21:05:49,705,26,32,1,2,3,0,0,26,0
2025-05-15T21:05:54,705,26,32,1,2,3,0,0,26,0
2025-05-15T21:05:55,705,26,32,1,2,3,0,0,26,0
2025-05-15T21:06:06,704,26,32,2,3,3,48,0,26,0.1776
2025-05-15T21:06:17,702,26,32,2,4,4,0,0,26,0
2025-05-15T21:06:29,701,26,32,2,4,4,12,0,26,0.0444
2025-05-15T21:06:34,701,26,32,2,4,4,12,0,26,0.0444
2025-05-15T21:06:35,701,26,32,2,4,4,12,0,26,0.0444
2025-05-15T21:06:46,702,26,32,2,3,4,6,0,26,0.0222
2025-05-15T21:06:57,700,26,32,1,2,3,12,0,26,0.0444
2025-05-15T21:07:09,700,26,32,2,2,5,18,0,26,0.0666
2025-05-15T21:07:31,700,26,32,2,2,5,18,0,26,0.0666
2025-05-15T21:07:32,700,26,32,2,2,5,18,0,26,0.0666
2025-05-15T21:07:37,702,26,32,1,2,4,42,0,26,0.1554
2025-05-15T21:07:49,702,26,32,2,5,8,42,0,26,0.1554
2025-05-15T21:08:00,701,26,32,1,4,7,6,0,26,0.0222
2025-05-15T21:08:11,701,26,32,1,4,7,6,0,26,0.0222
2025-05-15T21:08:12,701,26,32,1,4,7,6,0,26,0.0222
2025-05-15T21:08:17,700,26,32,3,5,6,18,0,26,0.0666
2025-05-15T21:08:34,700,26,32,3,5,6,18,0,26,0.0666
2025-05-15T21:40:55,798,26,31,2,3,3,42,-1,26,0.1554
2025-05-15T21:40:56,798,26,31,2,3,3,42,-1,26,0.1554
2025-05-15T21:41:07,805,26,31,1,3,4,0,-1,26,0
2025-05-15T21:41:13,808,26,31,2,3,4,6,-1,26,0.0222
2025-05-15T21:41:24,802,26,31,2,3,3,6,-1,26,0.0222
2025-05-15T21:41:35,802,26,31,2,3,3,6,-1,26,0.0222
2025-05-15T21:41:36,802,26,31,2,3,3,6,-1,26,0.0222
2025-05-15T21:41:47,806,26,31,1,2,2,18,-1,26,0.0666
2025-05-15T21:44:44,738,27,30,1,3,3,6,-1,27,0.0222
2025-05-15T21:44:56,742,27,30,2,4,4,18,-1,27,0.0666
2025-05-15T21:45:07,746,27,31,1,3,3,12,-1,27,0.0444
2025-05-15T21:45:30,761,27,31,2,3,3,18,-1,27,0.0666
2025-05-15T21:45:35,761,27,31,2,3,3,18,-1,27,0.0666
2025-05-15T21:45:36,761,27,31,2,3,3,18,-1,27,0.0666
2025-05-15T21:45:47,770,27,31,2,4,4,18,-1,27,0.0666
2025-05-15T21:45:58,775,27,31,1,2,2,0,-1,27,0
2025-05-15T21:45:59,775,27,31,1,2,2,0,-1,27,0
2025-05-15T21:46:10,781,27,31,2,3,5,0,-1,27,0
2025-05-15T21:46:16,782,27,31,2,3,5,24,-1,27,0.0888
2025-05-15T21:46:27,787,27,31,1,2,2,12,-1,27,0.0444
2025-05-15T21:46:38,787,27,31,1,2,2,12,-1,27,0.0444
2025-05-15T21:46:39,787,27,31,1,2,2,12,-1,27,0.0444
2025-05-15T21:46:50,792,27,31,0,1,1,12,-1,27,0.0444
2025-05-15T21:47:12,792,27,31,0,1,1,12,-1,27,0.0444
2025-05-15T21:47:13,792,27,31,0,1,1,12,-1,27,0.0444
2025-05-15T21:47:18,798,27,31,2,3,3,30,-1,27,0.111
2025-05-15T21:47:30,799,27,31,2,3,3,30,-1,27,0.111
2025-05-15T21:47:41,799,27,31,2,3,3,30,-1,27,0.111
2025-05-15T21:48:04,805,27,31,0,2,2,18,-1,27,0.0666
2025-05-15T21:48:10,808,27,31,1,3,5,18,-1,27,0.0666
2025-05-15T21:48:21,811,27,31,1,1,3,12,-1,27,0.0444
2025-05-15T21:48:32,811,27,31,1,1,3,12,-1,27,0.0444
2025-05-15T21:48:33,811,27,31,1,1,3,12,-1,27,0.0444
2025-05-15T21:48:44,816,27,31,0,4,7,6,-1,27,0.0222
2025-05-15T21:48:50,818,27,31,1,4,8,6,-1,27,0.0222
2025-05-15T21:49:01,822,27,31,1,2,5,30,-1,27,0.111
2025-05-15T21:49:12,822,27,31,1,2,5,30,-1,27,0.111
2025-05-15T21:49:13,822,27,31,1,2,5,30,-1,27,0.111
2025-05-15T21:49:24,829,27,31,2,2,5,36,-1,27,0.1332
2025-05-15T21:49:47,834,27,31,1,3,3,54,-1,27,0.1998
2025-05-15T21:49:52,834,27,31,1,3,3,54,-1,27,0.1998
2025-05-15T21:49:53,834,27,31,1,3,3,54,-1,27,0.1998
2025-05-15T21:50:04,839,27,31,2,3,3,6,-1,27,0.0222
2025-05-15T21:50:15,843,27,31,2,4,4,24,-1,27,0.0888
2025-05-15T21:50:38,843,27,31,2,4,4,24,-1,27,0.0888
2025-05-15T21:50:44,844,27,31,1,2,2,12,-1,27,0.0444
2025-05-15T21:50:55,844,27,31,2,3,3,12,-1,27,0.0444
2025-05-15T21:51:07,842,27,32,2,4,4,30,-1,27,0.111
2025-05-15T21:51:18,842,27,32,2,3,3,30,-1,27,0.111
2025-05-15T21:51:24,842,27,32,1,2,2,18,-1,27,0.0666
2025-05-15T21:51:35,842,27,32,1,2,2,18,-1,27,0.0666
2025-05-15T21:51:47,846,27,32,1,2,4,0,-1,27,0
2025-05-15T21:51:58,847,27,32,2,3,5,6,-1,27,0.0222
2025-05-15T21:52:04,849,27,32,2,3,5,6,-1,27,0.0222
2025-05-15T21:52:15,851,27,32,2,2,3,24,-1,27,0.0888
2025-05-15T21:52:27,852,27,32,1,3,3,24,-1,27,0.0888
2025-05-15T21:52:38,854,27,32,1,3,8,24,-1,27,0.0888
2025-05-15T21:52:44,855,27,32,2,4,10,18,-1,27,0.0666
2025-05-15T21:52:55,856,27,32,1,2,9,24,-1,27,0.0888
2025-05-15T21:53:07,859,27,32,0,1,2,12,-1,27,0.0444
2025-05-15T21:53:18,861,27,32,1,2,2,6,-1,27,0.0222
2025-05-15T21:53:24,861,27,32,1,2,2,6,-1,27,0.0222
2025-05-15T21:53:35,861,27,32,1,2,2,6,-1,27,0.0222
2025-05-15T21:53:36,861,27,32,1,2,2,6,-1,27,0.0222
2025-05-15T21:53:47,866,27,32,2,3,4,0,-1,27,0
2025-05-15T21:53:58,864,27,32,1,1,4,6,-1,27,0.0222
2025-05-15T21:54:32,867,27,32,2,3,4,12,-1,27,0.0444
2025-05-15T21:54:38,867,27,32,1,2,4,6,-1,27,0.0222
2025-05-15T21:54:49,867,27,32,1,2,4,6,-1,27,0.0222
2025-05-15T21:54:50,867,27,32,1,2,4,6,-1,27,0.0222
2025-05-15T21:55:01,873,27,32,1,2,2,12,-1,27,0.0444
2025-05-15T21:55:12,874,27,32,1,1,1,18,-1,27,0.0666
2025-05-15T21:55:18,876,27,32,2,2,2,30,-1,27,0.111
2025-05-15T21:55:29,876,27,32,2,2,2,30,-1,27,0.111
2025-05-15T21:55:30,876,27,32,2,2,2,30,-1,27,0.111
2025-05-15T21:55:41,881,27,32,1,2,3,30,-1,27,0.111
2025-05-15T21:55:52,883,27,32,0,2,3,24,-1,27,0.0888
2025-05-15T21:55:58,884,27,32,2,3,3,18,-1,27,0.0666
2025-05-15T21:56:09,884,27,32,2,3,3,18,-1,27,0.0666
2025-05-15T21:56:10,884,27,32,2,3,3,18,-1,27,0.0666
2025-05-15T21:56:21,886,27,32,2,3,3,24,-1,27,0.0888
2025-05-15T21:56:32,887,27,32,2,3,3,12,-1,27,0.0444
2025-05-15T21:56:33,887,27,32,2,3,3,12,-1,27,0.0444
2025-05-15T21:56:38,887,27,32,2,3,3,12,-1,27,0.0444
2025-05-15T21:56:50,889,27,32,1,2,4,18,-1,27,0.0666
2025-05-15T21:57:01,889,27,32,1,2,3,18,-1,27,0.0666
2025-05-15T21:57:12,889,27,32,1,2,3,18,-1,27,0.0666
2025-05-15T21:57:13,889,27,32,1,2,3,18,-1,27,0.0666
2025-05-15T21:57:18,891,27,32,2,3,3,6,-1,27,0.0222
2025-05-15T21:57:30,893,27,32,1,3,4,12,-1,27,0.0444
2025-05-15T21:57:41,896,27,32,2,4,9,0,-1,27,0
2025-05-15T21:57:52,896,27,32,2,4,9,0,-1,27,0
2025-05-15T21:57:53,896,27,32,2,4,9,0,-1,27,0
2025-05-15T21:57:58,896,27,32,2,3,6,12,-1,27,0.0444
2025-05-15T21:58:10,897,27,32,0,1,1,0,-1,27,0
2025-05-15T21:58:21,897,27,32,1,2,3,36,-1,27,0.1332
2025-05-15T21:59:29,912,27,32,1,1,1,18,-1,27,0.0666
2025-05-15T21:59:41,907,27,32,2,2,4,12,-1,27,0.0444
2025-05-15T21:59:52,916,27,32,1,2,4,24,-1,27,0.0888
2025-05-15T22:01:36,953,27,32,2,3,3,30,-1,27,0.111
2025-05-15T22:01:48,950,27,32,1,2,2,42,-1,27,0.1554
2025-05-15T22:01:59,941,27,32,0,0,2,12,-1,27,0.0444
2025-05-15T22:02:10,941,27,32,0,0,2,12,-1,27,0.0444
2025-05-15T22:02:11,941,27,32,0,0,2,12,-1,27,0.0444
2025-05-15T22:02:16,929,27,32,1,2,4,0,-1,27,0
2025-05-15T22:02:28,928,27,32,1,1,1,0,-1,27,0
2025-05-15T22:02:39,925,27,32,0,0,0,6,-1,27,0.0222
2025-05-15T22:02:51,924,27,32,1,2,2,6,-1,27,0.0222
2025-05-15T22:03:13,930,27,32,0,0,0,18,-1,27,0.0666
2025-05-15T22:03:19,930,27,32,1,1,1,24,-1,27,0.0888
2025-05-15T22:03:30,930,27,32,1,1,1,24,-1,27,0.0888
2025-05-15T22:03:31,930,27,32,1,1,1,24,-1,27,0.0888
2025-05-15T22:03:42,930,27,32,2,3,4,6,-1,27,0.0222
2025-05-15T22:04:49,935,27,32,1,4,5,24,-1,27,0.0888
2025-05-15T22:04:54,935,27,32,1,4,5,24,-1,27,0.0888
2025-05-15T22:04:55,935,27,32,1,4,5,24,-1,27,0.0888
2025-05-15T22:08:55,1120,27,33,1,2,2,18,-1,27,0.0666
2025-05-15T22:09:07,1122,27,33,1,2,2,30,-1,27,0.111
2025-05-15T22:09:18,1139,27,33,2,3,3,30,-1,27,0.111
2025-05-15T22:09:24,1145,27,33,2,2,2,6,-1,27,0.0222
2025-05-15T22:11:20,1230,27,34,2,4,4,24,-1,27,0.0888
2025-05-15T22:11:26,1191,27,34,1,3,3,6,-1,27,0.0222
2025-05-15T22:11:37,1176,27,34,3,4,5,18,-1,27,0.0666
2025-05-15T22:14:28,1202,26,34,3,5,5,24,-1,26,0.0888
2025-05-15T22:14:40,1179,26,34,3,4,6,24,-1,26,0.0888
2025-05-15T22:14:51,1175,26,34,3,6,8,0,-1,26,0
2025-05-15T22:15:08,1210,26,35,81,137,153,0,-1,26,0
2025-05-15T22:15:19,1210,26,35,81,137,153,0,-1,26,0
2025-05-15T22:15:20,1210,26,35,81,137,153,0,-1,26,0
2025-05-15T22:15:25,1275,26,35,6,9,17,12,-1,26,0.0444
2025-05-15T22:15:37,1264,26,35,8,13,21,24,-1,26,0.0888
2025-05-15T22:15:48,1245,26,35,5,8,11,30,-1,26,0.111
2025-05-15T22:16:00,1237,26,35,3,5,6,30,-1,26,0.111
2025-05-15T22:16:05,1232,26,35,3,4,8,18,-1,26,0.0666
2025-05-15T22:16:17,1222,26,35,3,5,9,6,-1,26,0.0222
2025-05-15T22:16:28,1222,26,35,2,5,10,30,-1,26,0.111
2025-05-15T22:16:40,1232,26,35,4,6,9,18,-1,26,0.0666
2025-05-15T22:16:45,1232,26,35,4,6,9,18,-1,26,0.0666
2025-05-15T22:16:46,1232,26,35,4,6,9,18,-1,26,0.0666
2025-05-15T22:16:57,1241,26,35,3,5,5,0,-1,26,0
2025-05-15T22:17:08,1234,26,35,3,3,3,6,-1,26,0.0222
2025-05-15T22:17:25,1234,26,35,4,7,18,12,-1,26,0.0444
2025-05-15T22:17:37,1235,26,35,6,10,17,18,-1,26,0.0666
2025-05-15T22:17:42,1235,26,35,6,10,17,18,-1,26,0.0666
2025-05-15T22:17:43,1235,26,35,6,10,17,18,-1,26,0.0666
2025-05-15T22:17:54,1260,26,35,8,11,11,12,-1,26,0.0444
2025-05-15T22:18:05,1256,26,35,5,7,7,30,-1,26,0.111
2025-05-15T22:18:17,1255,26,35,4,7,8,36,-1,26,0.1332
2025-05-15T22:18:34,1260,26,35,5,8,16,0,-1,26,0
2025-05-15T22:18:45,1254,26,35,5,10,14,0,-1,26,0
2025-05-15T22:19:25,1256,26,35,5,7,9,6,-1,26,0.0222
2025-05-15T22:21:39,1250,26,35,3,5,5,12,-1,26,0.0444
2025-05-15T22:21:51,1267,26,35,3,5,5,36,-1,26,0.1332
2025-05-15T22:22:13,1267,26,35,3,5,5,36,-1,26,0.1332
2025-05-15T22:22:14,1267,26,35,3,5,5,36,-1,26,0.1332
2025-05-15T22:22:19,1266,26,35,5,7,8,12,-1,26,0.0444
2025-05-15T22:22:31,1256,26,35,5,8,9,6,-1,26,0.0222
2025-05-15T22:22:42,1260,26,35,4,7,9,18,-1,26,0.0666
2025-05-15T22:22:53,1260,26,35,4,7,9,18,-1,26,0.0666
2025-05-15T22:22:54,1260,26,35,4,7,9,18,-1,26,0.0666
2025-05-15T22:22:59,1264,26,35,4,7,10,24,-1,26,0.0888
2025-05-15T22:25:55,1301,26,35,5,6,9,24,-1,26,0.0888
2025-05-15T22:28:56,1296,26,36,3,4,4,0,-1,26,0
2025-05-15T22:29:01,1296,26,36,3,4,4,0,-1,26,0
2025-05-15T22:29:02,1296,26,36,3,4,4,0,-1,26,0
2025-05-15T22:29:13,1324,26,36,3,5,5,24,-1,26,0.0888
2025-05-15T22:29:24,1335,26,36,4,7,7,12,-1,26,0.0444
2025-05-15T22:30:46,1345,26,36,3,5,6,18,-1,26,0.0666
2025-05-15T22:30:58,1352,26,36,3,5,5,12,-1,26,0.0444
2025-05-15T22:31:09,1335,26,36,3,6,7,18,-1,26,0.0666
2025-05-15T22:31:21,1349,26,36,4,7,8,6,-1,26,0.0222
2025-05-15T22:31:55,1351,26,36,4,8,9,6,-1,26,0.0222
2025-05-15T22:32:00,1349,26,36,3,7,8,30,-1,26,0.111
2025-05-15T22:32:12,1346,26,36,3,8,8,6,-1,26,0.0222
2025-05-15T22:32:23,1347,26,36,3,8,8,36,-1,26,0.1332
2025-05-15T22:32:35,1347,26,36,9,14,16,30,-1,26,0.111
2025-05-15T22:32:40,1347,26,36,9,14,16,30,-1,26,0.111
2025-05-15T22:32:41,1347,26,36,9,14,16,30,-1,26,0.111
2025-05-15T22:32:46,1347,26,36,5,7,17,0,-1,26,0
2025-05-15T22:32:58,1348,26,36,4,6,13,36,-1,26,0.1332
2025-05-15T22:33:09,1351,26,36,5,7,8,36,-1,26,0.1332
2025-05-15T22:33:20,1351,26,36,5,7,8,36,-1,26,0.1332
2025-05-15T22:33:21,1351,26,36,5,7,8,36,-1,26,0.1332
2025-05-15T22:33:26,1351,26,36,4,8,11,12,-1,26,0.0444
2025-05-15T22:33:38,1350,26,36,4,9,10,12,-1,26,0.0444
2025-05-15T22:33:49,1350,26,36,4,9,14,0,-1,26,0
2025-05-15T22:34:00,1350,26,36,4,9,14,0,-1,26,0
2025-05-15T22:34:01,1350,26,36,4,9,14,0,-1,26,0
2025-05-15T22:34:18,1350,26,36,4,9,14,0,-1,26,0
2025-05-15T22:34:29,1358,26,36,13,21,28,18,-1,26,0.0666
2025-05-15T22:34:40,1358,26,36,13,21,28,18,-1,26,0.0666
2025-05-15T22:34:41,1358,26,36,13,21,28,18,-1,26,0.0666
2025-05-15T22:34:57,1358,26,36,13,21,28,18,-1,26,0.0666
2025-05-15T22:34:58,1358,26,36,13,21,28,18,-1,26,0.0666
2025-05-15T22:35:14,1358,26,36,13,21,28,18,-1,26,0.0666
2025-05-15T22:35:15,1358,26,36,13,21,28,18,-1,26,0.0666
2025-05-15T22:35:26,1368,26,36,7,12,17,30,-1,26,0.111
2025-05-15T22:35:49,1365,26,36,20,31,43,60,-1,26,0.222
2025-05-15T22:35:54,1365,26,36,20,31,43,60,-1,26,0.222
2025-05-15T22:35:55,1365,26,36,20,31,43,60,-1,26,0.222
2025-05-15T22:36:00,1368,26,36,35,52,71,0,-1,26,0
2025-05-15T22:36:12,1370,26,36,10,17,23,18,-1,26,0.0666
2025-05-15T22:36:23,1364,26,36,8,11,11,24,-1,26,0.0888
2025-05-15T22:36:34,1364,26,36,8,11,11,24,-1,26,0.0888
2025-05-15T22:36:35,1364,26,36,8,11,11,24,-1,26,0.0888
2025-05-15T22:37:12,1307,26,36,7,10,13,6,-1,26,0.0222
2025-05-15T22:37:23,1292,26,36,7,10,13,12,-1,26,0.0444
2025-05-15T22:37:29,1293,26,35,6,10,13,18,-1,26,0.0666
2025-05-15T22:37:40,1293,26,35,6,10,13,18,-1,26,0.0666
2025-05-15T22:37:41,1293,26,35,6,10,13,18,-1,26,0.0666
2025-05-15T22:37:52,1274,26,35,7,10,13,24,-1,26,0.0888
2025-05-15T22:38:09,1260,26,35,5,8,15,12,-1,26,0.0444
2025-05-15T22:38:20,1260,26,35,5,8,15,12,-1,26,0.0444
2025-05-15T22:38:21,1260,26,35,5,8,15,12,-1,26,0.0444
2025-05-15T22:38:43,1243,26,35,5,8,13,12,-1,26,0.0444
2025-05-15T22:38:49,1241,26,35,6,9,14,12,-1,26,0.0444
2025-05-15T22:39:00,1244,26,35,5,8,9,18,-1,26,0.0666
2025-05-15T22:39:12,1239,26,35,6,8,9,24,-1,26,0.0888
2025-05-15T22:39:23,1239,26,35,6,8,9,24,-1,26,0.0888
2025-05-15T22:39:29,1241,26,35,7,10,13,6,-1,26,0.0222
